{
    "1": 2.993781089782715,
    "2": 3.921363592147827,
    "3": 3.71435546875,
    "a": 0.9285712242126465
}